Adapter Name,Banner,Video,Native,Audio,File Path
33across,Yes,Yes,No,No,modules/33acrossBidAdapter.js
360playvid,Yes,Yes,Yes,No,modules/360playvidBidAdapter.js
a1Media,Yes,Yes,Yes,No,modules/a1MediaBidAdapter.js
a4g,Yes,No,No,No,modules/a4gBidAdapter.js
ablida,Yes,Yes,Yes,No,modules/ablidaBidAdapter.js
acuityads,Yes,Yes,Yes,No,modules/acuityadsBidAdapter.js
ad2iction,Yes,No,No,No,modules/ad2ictionBidAdapter.js
adWMG,Yes,No,No,No,modules/adWMGBidAdapter.js
adagio,Yes,Yes,Yes,No,modules/adagioBidAdapter.js
adbutler,Yes,No,No,No,modules/adbutlerBidAdapter.js
addefend,Yes,No,No,No,modules/addefendBidAdapter.js
adf,Yes,Yes,Yes,No,modules/adfBidAdapter.js
adfusion,Yes,Yes,No,No,modules/adfusionBidAdapter.js
adgeneration,Yes,Yes,Yes,No,modules/adgenerationBidAdapter.js
adgrid,Yes,Yes,No,No,modules/adgridBidAdapter.js
adhash,Yes,Yes,No,No,modules/adhashBidAdapter.js
adhese,Yes,Yes,No,No,modules/adheseBidAdapter.js
adipolo,Yes,Yes,No,No,modules/adipoloBidAdapter.js
adkernel,Yes,Yes,Yes,No,modules/adkernelBidAdapter.js
adkernelAdn,Yes,Yes,No,No,modules/adkernelAdnBidAdapter.js
admaru,Yes,No,No,No,modules/admaruBidAdapter.js
admatic,Yes,Yes,Yes,No,modules/admaticBidAdapter.js
admedia,Yes,No,No,No,modules/admediaBidAdapter.js
admixer,Yes,Yes,Yes,No,modules/admixerBidAdapter.js
adnow,Yes,No,Yes,No,modules/adnowBidAdapter.js
adnuntius,Yes,Yes,Yes,No,modules/adnuntiusBidAdapter.js
adot,Yes,Yes,Yes,No,modules/adotBidAdapter.js
adpartner,Yes,No,No,No,modules/adpartnerBidAdapter.js
adplus,Yes,No,No,No,modules/adplusBidAdapter.js
adpone,Yes,No,No,No,modules/adponeBidAdapter.js
adprime,Yes,Yes,Yes,No,modules/adprimeBidAdapter.js
adquery,Yes,No,No,No,modules/adqueryBidAdapter.js
adrelevantis,Yes,Yes,Yes,No,modules/adrelevantisBidAdapter.js
adrino,Yes,No,Yes,No,modules/adrinoBidAdapter.js
adriver,Yes,Yes,No,No,modules/adriverBidAdapter.js
ads_interactive,Yes,Yes,Yes,No,modules/ads_interactiveBidAdapter.js
adspirit,Yes,No,Yes,No,modules/adspiritBidAdapter.js
adstir,Yes,No,No,No,modules/adstirBidAdapter.js
adtarget,Yes,Yes,No,No,modules/adtargetBidAdapter.js
adtelligent,Yes,Yes,No,Yes,modules/adtelligentBidAdapter.js
adtrgtme,Yes,No,No,No,modules/adtrgtmeBidAdapter.js
adtrue,Yes,Yes,Yes,No,modules/adtrueBidAdapter.js
aduptech,Yes,No,Yes,No,modules/aduptechBidAdapter.js
advangelists,Yes,Yes,No,No,modules/advangelistsBidAdapter.js
advertising,Yes,Yes,No,No,modules/advertisingBidAdapter.js
adverxo,Yes,Yes,Yes,No,modules/adverxoBidAdapter.js
adxcg,Yes,Yes,Yes,No,modules/adxcgBidAdapter.js
adyoulike,Yes,Yes,Yes,No,modules/adyoulikeBidAdapter.js
afp,Yes,Yes,No,No,modules/afpBidAdapter.js
aidem,Yes,Yes,No,No,modules/aidemBidAdapter.js
aja,Yes,No,No,No,modules/ajaBidAdapter.js
akcelo,Yes,Yes,Yes,No,modules/akceloBidAdapter.js
alkimi,Yes,Yes,No,No,modules/alkimiBidAdapter.js
alvads,Yes,Yes,No,No,modules/alvadsBidAdapter.js
ampliffy,Yes,Yes,No,No,modules/ampliffyBidAdapter.js
amx,Yes,Yes,No,No,modules/amxBidAdapter.js
aniview,Yes,Yes,No,No,modules/aniviewBidAdapter.js
anyclip,Yes,Yes,No,No,modules/anyclipBidAdapter.js
apacdex,Yes,Yes,No,No,modules/apacdexBidAdapter.js
appStockSSP,Yes,Yes,Yes,No,modules/appStockSSPBidAdapter.js
appier,Yes,No,No,No,modules/appierBidAdapter.js
appnexus,Yes,Yes,Yes,No,modules/appnexusBidAdapter.js
appush,Yes,Yes,Yes,No,modules/appushBidAdapter.js
apstream,No,No,Yes,No,modules/apstreamBidAdapter.js
aseal,Yes,No,No,No,modules/asealBidAdapter.js
aso,Yes,Yes,Yes,No,modules/asoBidAdapter.js
astraone,Yes,No,No,No,modules/astraoneBidAdapter.js
audiencerun,Yes,No,No,No,modules/audiencerunBidAdapter.js
automatad,Yes,No,No,No,modules/automatadBidAdapter.js
axis,Yes,Yes,Yes,No,modules/axisBidAdapter.js
axonix,Yes,Yes,No,No,modules/axonixBidAdapter.js
beachfront,Yes,Yes,No,No,modules/beachfrontBidAdapter.js
bedigitech,Yes,No,Yes,No,modules/bedigitechBidAdapter.js
beop,Yes,No,No,No,modules/beopBidAdapter.js
between,No,Yes,No,No,modules/betweenBidAdapter.js
beyondmedia,Yes,Yes,Yes,No,modules/beyondmediaBidAdapter.js
biddo,Yes,No,No,No,modules/biddoBidAdapter.js
bidfuse,Yes,Yes,Yes,No,modules/bidfuseBidAdapter.js
bidglass,Yes,No,No,No,modules/bidglassBidAdapter.js
bidmatic,Yes,Yes,No,No,modules/bidmaticBidAdapter.js
bidscube,Yes,Yes,Yes,No,modules/bidscubeBidAdapter.js
bidtheatre,Yes,Yes,No,No,modules/bidtheatreBidAdapter.js
big-richmedia,Yes,Yes,Yes,No,modules/big-richmediaBidAdapter.js
bitmedia,Yes,No,No,No,modules/bitmediaBidAdapter.js
blasto,Yes,Yes,Yes,No,modules/blastoBidAdapter.js
bliink,Yes,Yes,No,No,modules/bliinkBidAdapter.js
blockthrough,Yes,No,No,No,modules/blockthroughBidAdapter.js
blue,Yes,No,No,No,modules/blueBidAdapter.js
bms,Yes,No,No,No,modules/bmsBidAdapter.js
bmtm,Yes,Yes,No,No,modules/bmtmBidAdapter.js
boldwin,Yes,Yes,Yes,No,modules/boldwinBidAdapter.js
brainx,Yes,Yes,No,No,modules/brainxBidAdapter.js
brave,Yes,Yes,Yes,No,modules/braveBidAdapter.js
brid,No,Yes,No,No,modules/bridBidAdapter.js
bridgewell,Yes,No,Yes,No,modules/bridgewellBidAdapter.js
browsi,No,Yes,No,No,modules/browsiBidAdapter.js
bucksense,Yes,No,No,No,modules/bucksenseBidAdapter.js
buzzoola,Yes,Yes,Yes,No,modules/buzzoolaBidAdapter.js
c1x,Yes,No,No,No,modules/c1xBidAdapter.js
cadent_aperture_mx,Yes,Yes,No,No,modules/cadent_aperture_mxBidAdapter.js
caroda,Yes,Yes,No,No,modules/carodaBidAdapter.js
ccx,Yes,Yes,No,No,modules/ccxBidAdapter.js
chtnw,Yes,Yes,Yes,No,modules/chtnwBidAdapter.js
clickforce,Yes,No,Yes,No,modules/clickforceBidAdapter.js
codefuel,Yes,No,No,No,modules/codefuelBidAdapter.js
cointraffic,Yes,No,No,No,modules/cointrafficBidAdapter.js
coinzilla,Yes,No,No,No,modules/coinzillaBidAdapter.js
colombia,Yes,No,No,No,modules/colombiaBidAdapter.js
colossusssp,Yes,Yes,Yes,No,modules/colossussspBidAdapter.js
compass,Yes,Yes,Yes,No,modules/compassBidAdapter.js
conceptx,Yes,No,No,No,modules/conceptxBidAdapter.js
concert,Yes,No,No,No,modules/concertBidAdapter.js
condorx,Yes,No,Yes,No,modules/condorxBidAdapter.js
connatix,Yes,Yes,No,No,modules/connatixBidAdapter.js
connectad,Yes,No,No,No,modules/connectadBidAdapter.js
consumable,Yes,Yes,No,No,modules/consumableBidAdapter.js
contentexchange,Yes,Yes,Yes,No,modules/contentexchangeBidAdapter.js
contxtful,Yes,Yes,Yes,No,modules/contxtfulBidAdapter.js
copper6ssp,Yes,Yes,Yes,No,modules/copper6sspBidAdapter.js
cpmstar,Yes,Yes,No,No,modules/cpmstarBidAdapter.js
craft,Yes,Yes,Yes,No,modules/craftBidAdapter.js
criteo,Yes,Yes,Yes,No,modules/criteoBidAdapter.js
cwire,Yes,No,No,No,modules/cwireBidAdapter.js
dailyhunt,Yes,Yes,Yes,No,modules/dailyhuntBidAdapter.js
dailymotion,No,Yes,No,No,modules/dailymotionBidAdapter.js
datablocks,Yes,No,Yes,No,modules/datablocksBidAdapter.js
datawrkz,Yes,Yes,Yes,No,modules/datawrkzBidAdapter.js
deepintent,Yes,Yes,No,No,modules/deepintentBidAdapter.js
deltaprojects,Yes,No,No,No,modules/deltaprojectsBidAdapter.js
dexerto,Yes,No,No,No,modules/dexertoBidAdapter.js
dianomi,Yes,Yes,Yes,No,modules/dianomiBidAdapter.js
digitalMatter,Yes,No,No,No,modules/digitalMatterBidAdapter.js
digitalcaramel,Yes,Yes,No,No,modules/digitalcaramelBidAdapter.js
discovery,Yes,No,Yes,No,modules/discoveryBidAdapter.js
displayio,Yes,Yes,No,No,modules/displayioBidAdapter.js
distroscale,Yes,No,No,No,modules/distroscaleBidAdapter.js
djax,Yes,Yes,No,No,modules/djaxBidAdapter.js
doceree,Yes,No,No,No,modules/docereeBidAdapter.js
docereeAdManager,Yes,No,No,No,modules/docereeAdManagerBidAdapter.js
dochase,Yes,No,Yes,No,modules/dochaseBidAdapter.js
driftpixel,Yes,Yes,No,No,modules/driftpixelBidAdapter.js
dsp_geniee,Yes,No,No,No,modules/dsp_genieeBidAdapter.js
dspx,Yes,Yes,Yes,No,modules/dspxBidAdapter.js
dvgroup,Yes,Yes,No,No,modules/dvgroupBidAdapter.js
dxkulture,Yes,Yes,No,No,modules/dxkultureBidAdapter.js
dxtech,Yes,Yes,No,No,modules/dxtechBidAdapter.js
e_volution,Yes,Yes,Yes,No,modules/e_volutionBidAdapter.js
eclick,No,No,Yes,No,modules/eclickBidAdapter.js
edge226,Yes,Yes,Yes,No,modules/edge226BidAdapter.js
ehealthcaresolutions,Yes,No,Yes,No,modules/ehealthcaresolutionsBidAdapter.js
eightPod,Yes,Yes,No,No,modules/eightPodBidAdapter.js
emtv,Yes,Yes,Yes,No,modules/emtvBidAdapter.js
engageya,Yes,No,Yes,No,modules/engageyaBidAdapter.js
eplanning,Yes,Yes,No,No,modules/eplanningBidAdapter.js
epom_dsp,Yes,No,No,No,modules/epom_dspBidAdapter.js
equativ,Yes,Yes,Yes,Yes,modules/equativBidAdapter.js
escalax,Yes,Yes,Yes,No,modules/escalaxBidAdapter.js
eskimi,Yes,Yes,No,No,modules/eskimiBidAdapter.js
etarget,Yes,Yes,No,No,modules/etargetBidAdapter.js
exads,Yes,Yes,Yes,No,modules/exadsBidAdapter.js
exco,Yes,Yes,No,No,modules/excoBidAdapter.js
fan,Yes,Yes,No,No,modules/fanBidAdapter.js
feedad,Yes,Yes,Yes,No,modules/feedadBidAdapter.js
finative,No,No,Yes,No,modules/finativeBidAdapter.js
flipp,Yes,No,No,No,modules/flippBidAdapter.js
fluct,Yes,No,No,No,modules/fluctBidAdapter.js
freepass,Yes,No,No,No,modules/freepassBidAdapter.js
fwssp,Yes,Yes,No,No,modules/fwsspBidAdapter.js
gamma,Yes,No,No,No,modules/gammaBidAdapter.js
gamoshi,Yes,Yes,No,No,modules/gamoshiBidAdapter.js
getintent,No,Yes,No,No,modules/getintentBidAdapter.js
gjirafa,Yes,Yes,No,No,modules/gjirafaBidAdapter.js
glomex,Yes,No,No,No,modules/glomexBidAdapter.js
gmossp,Yes,No,No,No,modules/gmosspBidAdapter.js
gnet,Yes,No,No,No,modules/gnetBidAdapter.js
goldbach,Yes,Yes,Yes,No,modules/goldbachBidAdapter.js
greenbids,Yes,No,No,No,modules/greenbidsBidAdapter.js
grid,Yes,Yes,No,No,modules/gridBidAdapter.js
growads,Yes,No,Yes,No,modules/growadsBidAdapter.js
gumgum,Yes,Yes,Yes,No,modules/gumgumBidAdapter.js
h12media,Yes,No,No,No,modules/h12mediaBidAdapter.js
holid,Yes,No,No,No,modules/holidBidAdapter.js
hybrid,Yes,Yes,No,No,modules/hybridBidAdapter.js
hypelab,Yes,No,No,No,modules/hypelabBidAdapter.js
idx,Yes,No,No,No,modules/idxBidAdapter.js
illumin,Yes,Yes,No,No,modules/illuminBidAdapter.js
impactify,Yes,Yes,No,No,modules/impactifyBidAdapter.js
improvedigital,Yes,Yes,Yes,No,modules/improvedigitalBidAdapter.js
incrementx,Yes,Yes,No,No,modules/incrementxBidAdapter.js
inmobi,Yes,Yes,Yes,No,modules/inmobiBidAdapter.js
innity,Yes,No,No,No,modules/innityBidAdapter.js
insticator,Yes,Yes,No,No,modules/insticatorBidAdapter.js
integr8,Yes,Yes,No,No,modules/integr8BidAdapter.js
intenze,Yes,Yes,Yes,No,modules/intenzeBidAdapter.js
interactiveOffers,Yes,No,No,No,modules/interactiveOffersBidAdapter.js
invamia,Yes,No,No,No,modules/invamiaBidAdapter.js
invibes,Yes,No,No,No,modules/invibesBidAdapter.js
iprom,Yes,No,No,No,modules/ipromBidAdapter.js
iqx,Yes,Yes,No,No,modules/iqxBidAdapter.js
iqzone,Yes,Yes,Yes,No,modules/iqzoneBidAdapter.js
ivs,No,Yes,No,No,modules/ivsBidAdapter.js
ix,Yes,Yes,Yes,No,modules/ixBidAdapter.js
jixie,Yes,Yes,No,No,modules/jixieBidAdapter.js
justpremium,Yes,No,No,No,modules/justpremiumBidAdapter.js
jwplayer,No,Yes,No,No,modules/jwplayerBidAdapter.js
kargo,Yes,Yes,Yes,No,modules/kargoBidAdapter.js
kimberlite,Yes,Yes,No,No,modules/kimberliteBidAdapter.js
kiviads,Yes,Yes,Yes,No,modules/kiviadsBidAdapter.js
kobler,Yes,No,No,No,modules/koblerBidAdapter.js
krushmedia,Yes,Yes,Yes,No,modules/krushmediaBidAdapter.js
kubient,Yes,Yes,No,No,modules/kubientBidAdapter.js
kueezRtb,Yes,Yes,No,No,modules/kueezRtbBidAdapter.js
lane4,Yes,No,Yes,No,modules/lane4BidAdapter.js
lasso,Yes,No,No,No,modules/lassoBidAdapter.js
lemmaDigital,Yes,Yes,No,No,modules/lemmaDigitalBidAdapter.js
lifestreet,Yes,Yes,No,No,modules/lifestreetBidAdapter.js
limelightDigital,Yes,Yes,No,No,modules/limelightDigitalBidAdapter.js
livewrapped,Yes,Yes,Yes,No,modules/livewrappedBidAdapter.js
lkqd,No,Yes,No,No,modules/lkqdBidAdapter.js
lm_kiviads,Yes,Yes,No,No,modules/lm_kiviadsBidAdapter.js
lockerdome,Yes,No,No,No,modules/lockerdomeBidAdapter.js
logan,Yes,Yes,Yes,No,modules/loganBidAdapter.js
logicad,Yes,No,Yes,No,modules/logicadBidAdapter.js
loopme,Yes,Yes,Yes,No,modules/loopmeBidAdapter.js
loyal,Yes,Yes,Yes,No,modules/loyalBidAdapter.js
lucead,Yes,No,No,No,modules/luceadBidAdapter.js
lunamediahb,Yes,Yes,Yes,No,modules/lunamediahbBidAdapter.js
luponmedia,Yes,No,No,No,modules/luponmediaBidAdapter.js
mabidder,Yes,No,No,No,modules/mabidderBidAdapter.js
madsense,Yes,Yes,No,No,modules/madsenseBidAdapter.js
madvertise,Yes,No,No,No,modules/madvertiseBidAdapter.js
malltv,Yes,Yes,No,No,modules/malltvBidAdapter.js
mantis,Yes,No,No,No,modules/mantisBidAdapter.js
marsmedia,Yes,Yes,No,No,modules/marsmediaBidAdapter.js
mathildeads,Yes,Yes,Yes,No,modules/mathildeadsBidAdapter.js
mediaConsortium,Yes,Yes,No,No,modules/mediaConsortiumBidAdapter.js
mediabrama,Yes,No,No,No,modules/mediabramaBidAdapter.js
mediaeyes,Yes,No,No,No,modules/mediaeyesBidAdapter.js
mediaforce,Yes,Yes,Yes,No,modules/mediaforceBidAdapter.js
mediafuse,Yes,Yes,Yes,No,modules/mediafuseBidAdapter.js
mediago,Yes,No,Yes,No,modules/mediagoBidAdapter.js
mediaimpact,Yes,No,No,No,modules/mediaimpactBidAdapter.js
mediakeys,Yes,Yes,Yes,No,modules/mediakeysBidAdapter.js
medianet,Yes,Yes,Yes,No,modules/medianetBidAdapter.js
mediasniper,Yes,No,No,No,modules/mediasniperBidAdapter.js
mediasquare,Yes,Yes,Yes,No,modules/mediasquareBidAdapter.js
mgid,Yes,No,Yes,No,modules/mgidBidAdapter.js
mgidX,Yes,Yes,Yes,No,modules/mgidXBidAdapter.js
microad,Yes,Yes,Yes,No,modules/microadBidAdapter.js
minutemedia,Yes,Yes,No,No,modules/minutemediaBidAdapter.js
missena,Yes,No,No,No,modules/missenaBidAdapter.js
mobfoxpb,Yes,Yes,Yes,No,modules/mobfoxpbBidAdapter.js
mobilefuse,Yes,Yes,No,No,modules/mobilefuseBidAdapter.js
mobkoi,Yes,No,No,No,modules/mobkoiBidAdapter.js
my6sense,Yes,No,Yes,No,modules/my6senseBidAdapter.js
mytarget,Yes,No,No,No,modules/mytargetBidAdapter.js
nativery,Yes,Yes,Yes,No,modules/nativeryBidAdapter.js
nativo,Yes,Yes,Yes,No,modules/nativoBidAdapter.js
newspassid,Yes,Yes,Yes,No,modules/newspassidBidAdapter.js
nextMillennium,Yes,Yes,No,No,modules/nextMillenniumBidAdapter.js
nextroll,Yes,No,Yes,No,modules/nextrollBidAdapter.js
nexverse,Yes,Yes,Yes,No,modules/nexverseBidAdapter.js
nexx360,Yes,Yes,Yes,No,modules/nexx360BidAdapter.js
nobid,Yes,Yes,No,No,modules/nobidBidAdapter.js
ogury,Yes,No,No,No,modules/oguryBidAdapter.js
omnidex,Yes,Yes,No,No,modules/omnidexBidAdapter.js
oms,Yes,Yes,No,No,modules/omsBidAdapter.js
onetag,Yes,Yes,Yes,No,modules/onetagBidAdapter.js
onomagic,Yes,No,No,No,modules/onomagicBidAdapter.js
opaMarketplace,Yes,Yes,No,No,modules/opaMarketplaceBidAdapter.js
open8,Yes,Yes,No,No,modules/open8BidAdapter.js
openweb,Yes,Yes,Yes,No,modules/openwebBidAdapter.js
openx,Yes,Yes,Yes,No,modules/openxBidAdapter.js
operaads,Yes,Yes,Yes,No,modules/operaadsBidAdapter.js
oprx,Yes,No,No,No,modules/oprxBidAdapter.js
opsco,Yes,No,No,No,modules/opscoBidAdapter.js
optable,Yes,No,No,No,modules/optableBidAdapter.js
optidigital,Yes,No,No,No,modules/optidigitalBidAdapter.js
optout,Yes,No,No,No,modules/optoutBidAdapter.js
oraki,Yes,Yes,Yes,No,modules/orakiBidAdapter.js
orbidder,Yes,Yes,Yes,No,modules/orbidderBidAdapter.js
orbitsoft,Yes,No,No,No,modules/orbitsoftBidAdapter.js
otm,Yes,No,No,No,modules/otmBidAdapter.js
outbrain,Yes,Yes,Yes,No,modules/outbrainBidAdapter.js
ownadx,Yes,No,No,No,modules/ownadxBidAdapter.js
ozone,Yes,Yes,Yes,No,modules/ozoneBidAdapter.js
padsquad,Yes,No,No,No,modules/padsquadBidAdapter.js
pangle,Yes,Yes,No,No,modules/pangleBidAdapter.js
performax,Yes,No,No,No,modules/performaxBidAdapter.js
pgamssp,Yes,Yes,Yes,No,modules/pgamsspBidAdapter.js
pilotx,Yes,Yes,No,No,modules/pilotxBidAdapter.js
pinkLion,Yes,Yes,Yes,No,modules/pinkLionBidAdapter.js
pixfuture,Yes,Yes,No,No,modules/pixfutureBidAdapter.js
playdigo,Yes,Yes,Yes,No,modules/playdigoBidAdapter.js
preciso,Yes,No,Yes,No,modules/precisoBidAdapter.js
prisma,Yes,Yes,No,No,modules/prismaBidAdapter.js
programmaticX,Yes,Yes,No,No,modules/programmaticXBidAdapter.js
programmatica,Yes,Yes,No,No,modules/programmaticaBidAdapter.js
proxistore,Yes,No,No,No,modules/proxistoreBidAdapter.js
pstudio,Yes,Yes,No,No,modules/pstudioBidAdapter.js
pubCircle,Yes,Yes,Yes,No,modules/pubCircleBidAdapter.js
pubgenius,Yes,Yes,No,No,modules/pubgeniusBidAdapter.js
publir,Yes,Yes,No,No,modules/publirBidAdapter.js
pubmatic,Yes,Yes,Yes,No,modules/pubmaticBidAdapter.js
pubrise,Yes,Yes,Yes,No,modules/pubriseBidAdapter.js
pubx,Yes,No,No,No,modules/pubxBidAdapter.js
pulsepoint,Yes,Yes,Yes,No,modules/pulsepointBidAdapter.js
pwbid,Yes,Yes,Yes,No,modules/pwbidBidAdapter.js
pxyz,Yes,No,No,No,modules/pxyzBidAdapter.js
qt,Yes,Yes,Yes,No,modules/qtBidAdapter.js
quantcast,Yes,Yes,No,No,modules/quantcastBidAdapter.js
qwarry,No,Yes,No,No,modules/qwarryBidAdapter.js
r2b2,Yes,Yes,Yes,No,modules/r2b2BidAdapter.js
readpeak,Yes,No,Yes,No,modules/readpeakBidAdapter.js
rediads,Yes,Yes,Yes,No,modules/rediadsBidAdapter.js
redtram,Yes,No,No,No,modules/redtramBidAdapter.js
relaido,Yes,Yes,No,No,modules/relaidoBidAdapter.js
relay,Yes,Yes,Yes,No,modules/relayBidAdapter.js
relevantdigital,Yes,Yes,Yes,No,modules/relevantdigitalBidAdapter.js
relevatehealth,Yes,No,No,No,modules/relevatehealthBidAdapter.js
resetdigital,Yes,Yes,No,No,modules/resetdigitalBidAdapter.js
responsiveAds,Yes,No,No,No,modules/responsiveAdsBidAdapter.js
retailspot,Yes,Yes,No,No,modules/retailspotBidAdapter.js
revcontent,Yes,No,Yes,No,modules/revcontentBidAdapter.js
rhythmone,Yes,Yes,No,No,modules/rhythmoneBidAdapter.js
richaudience,Yes,Yes,No,No,modules/richaudienceBidAdapter.js
ringieraxelspringer,Yes,No,Yes,No,modules/ringieraxelspringerBidAdapter.js
rise,No,No,No,No,modules/riseBidAdapter.js
risemediatech,Yes,Yes,No,No,modules/risemediatechBidAdapter.js
rixengine,Yes,No,No,No,modules/rixengineBidAdapter.js
robustApps,Yes,Yes,No,No,modules/robustAppsBidAdapter.js
robusta,Yes,Yes,No,No,modules/robustaBidAdapter.js
rocketlab,Yes,Yes,Yes,No,modules/rocketlabBidAdapter.js
rtbhouse,Yes,No,Yes,No,modules/rtbhouseBidAdapter.js
rtbsape,Yes,Yes,No,No,modules/rtbsapeBidAdapter.js
rubicon,Yes,Yes,Yes,No,modules/rubiconBidAdapter.js
rumble,Yes,Yes,No,No,modules/rumbleBidAdapter.js
scattered,Yes,No,No,No,modules/scatteredBidAdapter.js
screencore,Yes,Yes,Yes,No,modules/screencoreBidAdapter.js
seedingAlliance,Yes,No,Yes,No,modules/seedingAllianceBidAdapter.js
seedtag,Yes,Yes,No,No,modules/seedtagBidAdapter.js
setupad,Yes,No,No,No,modules/setupadBidAdapter.js
sevio,Yes,No,Yes,No,modules/sevioBidAdapter.js
sharethrough,Yes,Yes,Yes,No,modules/sharethroughBidAdapter.js
shinez,No,No,No,No,modules/shinezBidAdapter.js
shinezRtb,Yes,Yes,No,No,modules/shinezRtbBidAdapter.js
showheroes-bs,Yes,Yes,No,No,modules/showheroes-bsBidAdapter.js
silvermob,Yes,Yes,Yes,No,modules/silvermobBidAdapter.js
silverpush,Yes,Yes,No,No,modules/silverpushBidAdapter.js
slimcut,Yes,No,No,No,modules/slimcutBidAdapter.js
smaato,Yes,Yes,Yes,No,modules/smaatoBidAdapter.js
smartadserver,Yes,Yes,No,No,modules/smartadserverBidAdapter.js
smarthub,Yes,Yes,Yes,No,modules/smarthubBidAdapter.js
smartico,Yes,No,No,No,modules/smarticoBidAdapter.js
smartx,No,Yes,No,No,modules/smartxBidAdapter.js
smartyads,Yes,Yes,Yes,No,modules/smartyadsBidAdapter.js
smartytech,Yes,Yes,No,No,modules/smartytechBidAdapter.js
smilewanted,Yes,Yes,Yes,No,modules/smilewantedBidAdapter.js
smoot,Yes,Yes,Yes,No,modules/smootBidAdapter.js
snigel,Yes,No,No,No,modules/snigelBidAdapter.js
sonarads,Yes,No,No,No,modules/sonaradsBidAdapter.js
sonobi,Yes,Yes,No,No,modules/sonobiBidAdapter.js
sovrn,Yes,Yes,No,No,modules/sovrnBidAdapter.js
sparteo,Yes,Yes,No,No,modules/sparteoBidAdapter.js
ssmas,Yes,No,No,No,modules/ssmasBidAdapter.js
sspBC,Yes,Yes,Yes,No,modules/sspBCBidAdapter.js
ssp_geniee,Yes,No,No,No,modules/ssp_genieeBidAdapter.js
stackadapt,Yes,Yes,No,No,modules/stackadaptBidAdapter.js
startio,Yes,Yes,Yes,No,modules/startioBidAdapter.js
stn,No,No,No,No,modules/stnBidAdapter.js
stroeerCore,Yes,Yes,No,No,modules/stroeerCoreBidAdapter.js
stv,Yes,Yes,No,No,modules/stvBidAdapter.js
sublime,Yes,No,No,No,modules/sublimeBidAdapter.js
suim,Yes,No,No,No,modules/suimBidAdapter.js
taboola,Yes,No,No,No,modules/taboolaBidAdapter.js
tadvertising,Yes,Yes,No,No,modules/tadvertisingBidAdapter.js
tagoras,Yes,Yes,No,No,modules/tagorasBidAdapter.js
talkads,Yes,No,Yes,No,modules/talkadsBidAdapter.js
tapnative,Yes,No,Yes,No,modules/tapnativeBidAdapter.js
tappx,Yes,Yes,No,No,modules/tappxBidAdapter.js
targetVideo,Yes,Yes,No,No,modules/targetVideoBidAdapter.js
teads,Yes,No,No,No,modules/teadsBidAdapter.js
teal,Yes,No,No,No,modules/tealBidAdapter.js
temedya,Yes,No,Yes,No,modules/temedyaBidAdapter.js
theAdx,Yes,Yes,Yes,No,modules/theAdxBidAdapter.js
themoneytizer,Yes,No,No,No,modules/themoneytizerBidAdapter.js
tpmn,Yes,Yes,No,No,modules/tpmnBidAdapter.js
trafficgate,Yes,Yes,No,No,modules/trafficgateBidAdapter.js
trion,Yes,No,No,No,modules/trionBidAdapter.js
triplelift,Yes,Yes,No,No,modules/tripleliftBidAdapter.js
truereach,Yes,No,No,No,modules/truereachBidAdapter.js
ttd,Yes,Yes,No,No,modules/ttdBidAdapter.js
twistDigital,Yes,Yes,No,No,modules/twistDigitalBidAdapter.js
ucfunnel,Yes,Yes,Yes,No,modules/ucfunnelBidAdapter.js
underdogmedia,Yes,No,No,No,modules/underdogmediaBidAdapter.js
undertone,Yes,Yes,No,No,modules/undertoneBidAdapter.js
unicorn,Yes,No,No,No,modules/unicornBidAdapter.js
uniquest,Yes,No,No,No,modules/uniquestBidAdapter.js
unruly,Yes,Yes,No,No,modules/unrulyBidAdapter.js
valuad,Yes,No,No,No,modules/valuadBidAdapter.js
vdoai,Yes,Yes,No,No,modules/vdoaiBidAdapter.js
ventes,Yes,Yes,Yes,No,modules/ventesBidAdapter.js
viant,Yes,Yes,Yes,No,modules/viantBidAdapter.js
vibrantmedia,Yes,Yes,Yes,No,modules/vibrantmediaBidAdapter.js
vidazoo,Yes,Yes,No,No,modules/vidazooBidAdapter.js
videobyte,No,Yes,No,No,modules/videobyteBidAdapter.js
videoheroes,Yes,Yes,Yes,No,modules/videoheroesBidAdapter.js
videonow,Yes,No,No,No,modules/videonowBidAdapter.js
videoreach,Yes,No,No,No,modules/videoreachBidAdapter.js
vidoomy,Yes,Yes,No,No,modules/vidoomyBidAdapter.js
viewdeosDX,Yes,Yes,No,No,modules/viewdeosDXBidAdapter.js
viously,Yes,Yes,No,No,modules/viouslyBidAdapter.js
viqeo,No,Yes,No,No,modules/viqeoBidAdapter.js
visiblemeasures,Yes,Yes,Yes,No,modules/visiblemeasuresBidAdapter.js
vistars,Yes,Yes,No,No,modules/vistarsBidAdapter.js
visx,Yes,Yes,No,No,modules/visxBidAdapter.js
vlyby,Yes,Yes,No,No,modules/vlybyBidAdapter.js
vox,Yes,Yes,No,No,modules/voxBidAdapter.js
vrtcal,Yes,No,No,No,modules/vrtcalBidAdapter.js
vuukle,Yes,No,No,No,modules/vuukleBidAdapter.js
waardex,Yes,Yes,No,No,modules/waardexBidAdapter.js
welect,No,Yes,No,No,modules/welectBidAdapter.js
widespace,Yes,No,No,No,modules/widespaceBidAdapter.js
winr,Yes,No,No,No,modules/winrBidAdapter.js
wipes,Yes,No,No,No,modules/wipesBidAdapter.js
xe,Yes,Yes,No,No,modules/xeBidAdapter.js
yahooAds,Yes,Yes,No,No,modules/yahooAdsBidAdapter.js
yandex,Yes,Yes,Yes,No,modules/yandexBidAdapter.js
yieldlab,Yes,Yes,Yes,No,modules/yieldlabBidAdapter.js
yieldlift,Yes,No,No,No,modules/yieldliftBidAdapter.js
yieldlove,Yes,No,No,No,modules/yieldloveBidAdapter.js
yieldmo,Yes,Yes,No,No,modules/yieldmoBidAdapter.js
yieldone,Yes,Yes,No,No,modules/yieldoneBidAdapter.js
zeta_global,Yes,No,No,No,modules/zeta_globalBidAdapter.js
zeta_global_ssp,Yes,Yes,No,No,modules/zeta_global_sspBidAdapter.js
zmaticoo,Yes,Yes,No,No,modules/zmaticooBidAdapter.js
